,Afghanistan,Albania,Algeria,Andorra,Angola,Antigua and Barbuda,Argentina,Armenia,Australia,Austria,Azerbaijan,Bahamas,Bahrain,Bangladesh,Barbados,Belarus,Belgium,Belize,Benin,Bhutan,Bolivia,Bosnia and Herzegovina,Botswana,Brazil,Brunei,Bulgaria,Burkina Faso,Burma,Burundi,Cabo Verde,Cambodia,Cameroon,Canada,Central African Republic,Chad,Chile,China,Colombia,Comoros,Congo (Brazzaville),Congo (Kinshasa),Costa Rica,Cote d'Ivoire,Croatia,Cuba,Cyprus,Czechia,Denmark,Diamond Princess,Djibouti,Dominica,Dominican Republic,Ecuador,Egypt,El Salvador,Equatorial Guinea,Eritrea,Estonia,Eswatini,Ethiopia,Fiji,Finland,France,Gabon,Gambia,Georgia,Germany,Ghana,Greece,Grenada,Guatemala,Guinea,Guinea-Bissau,Guyana,Haiti,Holy See,Honduras,Hungary,Iceland,India,Indonesia,Iran,Iraq,Ireland,Israel,Italy,Jamaica,Japan,Jordan,Kazakhstan,Kenya,Kiribati,"Korea, South",Kosovo,Kuwait,Kyrgyzstan,Laos,Latvia,Lebanon,Lesotho,Liberia,Libya,Liechtenstein,Lithuania,Luxembourg,MS Zaandam,Madagascar,Malawi,Malaysia,Maldives,Mali,Malta,Marshall Islands,Mauritania,Mauritius,Mexico,Micronesia,Moldova,Monaco,Mongolia,Montenegro,Morocco,Mozambique,Namibia,Nepal,Netherlands,New Zealand,Nicaragua,Niger,Nigeria,North Macedonia,Norway,Oman,Pakistan,Palau,Panama,Papua New Guinea,Paraguay,Peru,Philippines,Poland,Portugal,Qatar,Romania,Russia,Rwanda,Saint Kitts and Nevis,Saint Lucia,Saint Vincent and the Grenadines,Samoa,San Marino,Sao Tome and Principe,Saudi Arabia,Senegal,Serbia,Seychelles,Sierra Leone,Singapore,Slovakia,Slovenia,Solomon Islands,Somalia,South Africa,South Sudan,Spain,Sri Lanka,Sudan,Summer Olympics 2020,Suriname,Sweden,Switzerland,Syria,Taiwan*,Tajikistan,Tanzania,Thailand,Timor-Leste,Togo,Tonga,Trinidad and Tobago,Tunisia,Turkey,US,Uganda,Ukraine,United Arab Emirates,United Kingdom,Uruguay,Uzbekistan,Vanuatu,Venezuela,Vietnam,West Bank and Gaza,Yemen,Zambia,Zimbabwe,Global Deaths,Date
690,11.292682525039812,5.606014357157003,4.459443027456985,0.025259868241596678,4.149007995627589,0.47221643814068687,176.20865850228586,35.712413193923474,12.827598427416495,34.08466569428208,24.53531911028231,2.499748490784699,2.263859294661115,30.45800496012993,2.694234466643038,16.513551491954768,3.6862146835223655,1.983991681405453,0.2675242441344959,0.00506973825450623,7.663237361986138,12.170981844860421,2.7971750437650997,588.1893302686195,0.8540847204278769,111.66387464651729,1.21911443493184,12.882682153564918,0.031468482759279555,0.21484810285304673,5.997330341360643,2.3692419819645565,1.4421490011480103,0.06259138415144053,0.07734604122217596,2.7755590995545525,3.1533402999425277,63.689813440529235,0.17039269184924277,1.6227330824290562,0.20755213661692054,6.311398586236242,2.530515197650094,44.942581102629944,14.257248738043604,0.9559779196196894,50.99948817048292,5.085867168363977,0.013624915518517217,0.16614811132527335,0.4028906705962277,0.05610830078049506,9.20334806872127,42.29871505112019,8.667684825349372,0.11658200532097865,0.23478326419711382,6.693175741482901,2.150551099058291,17.009553205515537,0.5061250132979191,3.4212222334320863,101.65057358090726,0.539998751890916,0.7381368899682629,62.3520362746189,102.58169756884492,2.4332932916644974,59.31314158172832,1.4815241529658951,38.29240392539193,0.17338807994469546,0.33681185720106915,3.9791618529127395,1.7423168000782812,0.0,3.537640119275789,92.44240630698249,0.04771673242416783,64.41531670425687,200.84251982018384,253.8011572291693,26.736170737655836,1.4151919700154,11.495285402764853,97.28604168175247,9.302717486071247,4.025823256938976,5.9481485833902425,120.13499824860331,4.82818131024914,0.0,31.40798621406326,3.2046116024428972,1.261715036607754,4.69077947114743,4.01020421897566,24.43509092477077,5.59482874965285,1.632876903328297,0.2218579500262653,17.9275950004641,0.02015384433676344,30.799682760574395,0.7971124768988673,0.003888282617739148,0.44443812480473144,0.6948586731541828,85.32037742946241,0.04584037550319938,0.5732172139230672,0.14729062829468598,0.0,1.7390394122647463,1.8941661559978102,57.229844434667996,0.0,39.053182082473654,0.010928476843496859,12.134484060478464,5.046459165979725,23.311473775257344,1.5030652852449125,8.81694994198828,12.125252932888943,9.781863296849192,0.2518054321017831,0.19634470775168383,0.6809337803580997,5.704005246901831,13.136445136974288,2.4651112210281076,6.223177535245712,6.267195533304168,0.0,0.43172254420032097,4.19924033737825,23.50417166006453,112.61919200244012,187.4194543658218,84.67686197439387,8.268853376338983,0.4391860070962377,249.53047710471117,1211.0454992740058,1.1067597425629885,0.16567022070167978,1.2108874860009091,0.7352234120151181,0.0,0.030551942505488844,0.08066129608903297,0.9906264433833725,0.7274981545228605,61.30385027271928,0.3822689138760205,0.05984008465348442,10.849696515693175,47.55454099939512,13.637834628818403,0.0,3.680686587895561,21.749257410328624,0.07607918667119118,98.910454344806,37.4410808095743,3.725591240617355,0.0,3.790299804189679,27.156419347426095,5.037286581646239,7.234413806231149,2.229476116765262,0.035651208176534846,4.044515802303823,78.2594866220152,0.5422307356822015,0.6651626486531002,0.0,13.581390828616119,9.813601366101427,205.26966541116977,783.116468667436,6.7927841949217385,548.545900063621,0.24682520305047445,16.653608195744887,5.718794815294887,4.558565966683733,0.0020973966769354483,10.206478808288546,200.79904281450226,8.020506110803941,3.7572644133002053,4.220387671829672,3.295331618339814,4522.133215346232,2021-12-12
691,11.990027252879623,5.930530614761393,5.092476316909884,0.005044098496877258,4.3109473225211765,0.6365053640936847,70.16361941832922,36.19245130585754,12.5188258051882,34.24028033936391,26.564173892541127,4.089678295440722,2.1459977998245883,31.924749340018007,2.706884056663346,16.26722759586132,4.644650829103462,2.9614248722811882,0.42061405466839674,0.005067685878911477,10.854306536221683,47.62259973752795,12.038393572307347,609.8892761074551,1.0200345605170487,167.16755345535924,1.3072768256039735,15.026880061527812,0.2855599654693459,0.19085498854587044,5.317404601911008,3.022751854608209,14.456867737441012,0.03904970273573983,0.027109694345169327,3.8153942085593577,1.753380388426308,72.85661712208557,0.027941954333292766,2.4039215472354263,0.014933765778698316,31.479332147103236,2.338092668726069,45.418078471564044,12.993156501490368,1.0947540401750868,56.40756167918676,5.708116573576477,0.02366121007221267,0.2568047833969095,0.4144156822378726,0.13707085559159898,45.78383978088583,43.15993907957036,8.121227293331719,0.26969652699045166,0.31623792361490305,7.203644623335832,2.399479459504772,17.451562751614684,1.497136788194833,6.262248342830758,0.136433232598975,1.5242880064022581,0.40955454859756785,63.01949722355788,211.1720248132288,2.5017182501126145,63.83308430786302,1.5978120645902933,33.53634951286369,0.34692932499226703,0.36744310828697,3.9613679484605018,3.3867302088962834,0.0,15.454622639724564,114.50727008480575,0.02389199708543989,4.871400121395311,196.48170799568726,259.1090569080688,28.11987480934978,0.7389416863960099,8.043245648917008,74.03812867108253,8.826437321118298,2.124782195375496,8.445542772243567,88.07407538021738,4.877478347463715,0.0,33.319082201381775,3.2886829480981437,1.2075552619672822,2.6731492634235923,3.984375445786235,23.243891051387454,6.843767821942029,1.7550044855931484,0.23821052291436828,15.067744675618195,0.15298881464667294,30.505230257343086,2.1148300691605146,0.003870625319652595,0.9832362605880947,0.0826241458279684,85.5214504012618,0.0505611361653067,0.7521451676916735,0.09032179193367113,0.0,1.7793458680720868,2.637461328969351,111.58269543422554,0.0,40.644751704702465,0.04200471343628437,10.976987676369102,6.536711392720522,24.963899167365778,1.2190145478159653,10.51836615432401,10.724079020227695,9.182702327286686,0.23277130853678388,0.21702338640334218,0.8061462876516496,4.445450474811865,14.182505589762162,3.7661528047973682,4.6250230226638465,19.16402625962192,0.0,1.1844879096769105,5.103243045011091,22.78035355087749,155.8989604495716,162.8758618519838,53.75789953919178,7.3212427629035215,0.42833764982603895,248.9986936320787,1198.6497664919414,1.1618363568665058,0.27822438734157606,1.4985505632117841,0.6451496662234874,0.0,0.020480079176847604,0.14169030411879951,0.6587019838657113,0.5525551123344138,60.12629775791548,0.22797493085870305,0.09238537200641919,10.774065354320044,49.210421919419076,14.210492951820306,0.0,3.082632541187018,41.72983389660094,0.03567421589174907,32.44515558541488,36.46271214503708,4.802244835906886,0.0,4.2630591003651785,23.58454020515773,6.902480741622593,7.901867662037648,2.464757387069197,0.016285520597634634,4.075232287759915,76.26067989966396,0.46978504145009614,0.7058176590195893,0.0,13.122796643814821,18.333272625359527,210.72821850763194,1070.5508560003234,2.476265466498969,539.913910126648,0.25979970804674934,6.517491745101559,4.287126592520901,4.461657433460164,0.00212083794680293,11.308856125339993,205.16916872199383,9.865935873107356,3.8595241451642295,4.264809047636152,1.6841850144842963,5406.83236923112,2021-12-13
692,12.636305495781455,6.143467718757706,5.362072115931699,0.025872257798098264,4.534214964407544,0.5861893361673206,76.51673157404507,38.79433273813824,13.412968069702053,44.817645402584034,25.370389887758638,2.823105492185197,2.3358750745907164,33.12903902307918,2.6683546117429,16.63276905251069,13.41487548720719,2.6531277135614526,0.3184580497480317,0.0050656552317020105,0.25960869754606364,33.43407109115958,2.7706699583182206,29.21687127883559,0.7980672285959458,139.20552550257395,2.140292401840176,16.786891489754648,0.02167993006334077,0.26884868905195236,5.323810799791156,4.227684870098771,15.04353896859279,0.17129641689518163,0.1047656349779624,40.16866820584936,1.996306542324163,79.52362171148658,0.032836894459047805,2.1540849574650895,0.2727698707761177,19.999790725567884,2.50290489082575,46.04362360917269,13.400230597089742,1.3451204475557328,74.00643064302638,5.931919015431246,0.0071011241941232595,0.29637197212024513,0.3953387375830313,1.883974383812627,101.44891594219125,42.34229368692538,8.360329487271644,0.42281109806277395,0.3164128169886029,7.31444963620054,2.6279638195822144,18.158917416103364,1.2746150052771759,5.196956982143265,87.17076545185648,0.6852593647480627,0.5811515758789684,64.76806232851581,263.7784005649675,2.692779329167202,63.06243004193834,1.7447824917527974,40.515446164637815,0.17238648055093617,0.448776751675552,4.189258753617536,2.324281325214961,0.0,16.929175562349872,109.20752560909237,0.08853648806708202,121.65266292714131,181.07746933464384,257.04915734437435,27.944943241941562,8.835951664538381,8.223929333334302,20.318290939205355,8.676739133177383,10.121796121174057,7.77973207334703,45.66790818130952,5.538445549701375,0.0,32.78917466507065,3.756876959385639,1.214492617872457,3.4001490365535645,4.070265363342057,27.867249553444186,9.474120308456783,1.7853072959227996,1.2344335639069979,13.942969985694553,0.09185769754729918,31.984178550106197,0.32252004679450247,0.003853069686396055,1.1856244229319648,0.25654701086569687,87.91662848392312,0.12652044753158367,0.7797447753192004,0.11497362605924966,0.0,1.7992177473450075,2.5430028080101037,432.77300324914546,0.0,42.427718618964946,0.05952634694821071,11.82058161456042,6.244987718433666,26.016663504951627,1.7965148321352724,9.73985864513677,11.38438224434078,32.51238837948074,0.26474722515556737,1.7836854700228273,0.9109323020995844,5.024074010952345,13.717584497276391,3.209868757197379,5.309304999442179,17.804105158823994,0.0,1.4552122385473432,4.732265810488373,24.414053300818157,143.5016596271342,172.98247683648452,163.71862292750836,9.868799059440867,0.5704551707944835,295.23974552154493,1249.9930326247918,1.1743466887495793,0.20732503427188065,1.4599542756985382,0.6268211786225864,0.0,0.010407365481563458,0.2128905043837172,0.3468518240638394,0.9790381990490965,61.58240241070353,0.379690215127158,0.022201406610682442,10.873079691856805,53.856160253361146,15.035779348090495,0.0,2.5049304264987757,111.79417516879812,0.05540257793376685,24.884988148647892,34.60618817737502,3.7977592041773907,0.0,4.215404293589203,0.85549219674947,8.532393953342579,7.476432907423729,2.5127693122959247,0.03377715090375849,4.431076040712884,79.60447672953448,0.571568343050484,0.6038167339670236,0.0,13.81717545583777,13.681264655145384,212.1834111088024,1564.5474055748703,6.660379662484908,621.7850016649813,0.11949603042692203,186.93007279772755,4.393701424135316,4.659850760696076,0.002144285312745094,10.858287351985776,206.65957383974157,8.517314958738037,3.3087347605261948,4.246521900898631,1.8965664359136025,7753.093748248457,2021-12-14
693,12.600620327135488,5.9096986049492335,5.539837189412447,0.014637661931776347,4.859498829357639,0.6074063547862469,81.83182480542317,38.181313326688816,13.053168529188367,41.54916116272672,24.95407582046688,3.243983026088127,2.462080303766165,35.490251477153585,2.864910760896249,16.783986975595287,9.863559444496829,2.89584796378177,0.6655356074891288,0.005063627194276073,0.33837971812578793,28.980146956320525,3.0479857337076393,28.812839422068237,0.9027593670896017,140.37777593577363,1.7080079175969183,17.150804498638472,0.012524323983393641,0.2550595696200515,4.696091018897903,7.189002932542916,17.405687667602017,0.01789108149375382,0.07966096444883014,35.26072878406559,3.657818162536522,69.00092860594309,0.05949689049921461,1.8429957396201275,1.8359472517208593,16.16419069078327,2.422748138637711,46.169165922628935,13.086663061191485,1.2911895260229715,68.87124690890123,5.880049314686645,0.00726376817639568,0.23375970703559723,0.40685923941214286,1.5479412680914328,15.99102143701633,42.531541368583504,8.497410650210256,0.29026775115227577,0.27594753583932213,6.892972982568303,2.2422923617985013,18.8458757563988,1.3478895754823361,5.783907367555623,23.2058419040723,1.2085950076515444,0.803785558593437,64.29259572484098,256.53944205198286,1.9847176309901238,62.775660004650696,1.3495538271923757,46.19849981607162,0.059302021266726374,0.47940738882219625,4.038374567646746,2.640601733813992,0.0,17.587869123675784,112.62232233612283,0.003520492103501402,68.24628613349452,193.01366696955523,252.10158752946603,27.0353825341089,16.04520292210427,9.588306913509102,37.15964191668476,9.50679346768219,9.029590473175123,6.2167308835922395,48.29959365001342,6.056744580550177,0.0,33.6776476958368,3.375963232167662,1.8642788328888646,3.157856290157322,4.095041826032629,29.296472800425843,9.329681445157073,1.9890602058927458,0.18936000684474225,13.787796456975542,0.03072659057195326,31.350696745645564,0.14600307624460995,0.01657219876875206,1.000459936935532,0.716044010756893,88.2693314624862,0.02141627196102075,0.5753064648739058,0.003234161156413645,0.0,2.0643033156683486,2.233992574913119,401.0353051399491,0.0,42.86432895240135,0.002146144054809297,12.092381174040995,6.3606318164695494,24.69199307433731,1.4291314977250742,6.484014249299564,4.566443929968223,29.0247195594711,0.23550759257303042,0.10524498284593037,0.7300031378592498,4.377869208538549,14.345225296371234,8.786374270103792,5.258945644960745,18.677181757048736,0.0,0.8644020288026399,4.504070405694395,25.364399621573337,139.23679855238296,195.09816444852603,223.90077254376573,9.548647721939131,0.2944660256557857,282.8399123021706,1260.5298292607836,1.4725710123175098,0.20776741829138304,1.8087846173649849,0.6289926656229504,0.0,0.05068553930247535,0.11117872957863768,0.06541793201972013,1.0286086937516963,61.3626194957413,0.31720016793187683,0.0341656853150302,10.972095219326553,54.91030510318071,15.043672879667204,0.0,2.864356656571056,101.92709132186295,0.027122018962605972,40.31465882371813,36.18606770085369,2.507643061935727,0.0,3.953430339414691,30.958952946066695,7.543768781865611,7.571898217090419,2.3421754472944034,0.032876548002594375,4.187408441983585,83.36059231393679,0.49914757038703544,0.6240933438280224,0.0,13.674734436736642,6.540446369445709,212.93407160606918,1779.1781065818238,6.206677593387494,635.0085975056916,0.01993499074706706,189.70644689235215,5.204788529256044,4.756204122882714,0.008018133870183517,11.889747244608008,210.52488867958218,11.250633512072756,3.625272756095009,4.517730631746311,2.2620602524184896,7822.2099427138955,2021-12-15
694,12.099146950488775,6.001956937422673,5.297233816072324,0.03932316484401466,3.946969021508051,0.5780319535853704,69.82743032693834,38.39428252382487,13.651021580925368,41.83434463117584,25.240332349565193,3.216387959675501,2.4872261471308272,35.90585477877413,2.6939583248767143,17.0750443469944,6.205283425934503,2.723554482166162,0.2571490796521603,0.02528245555988006,0.9663040179907334,26.11585205291679,6.033033660888334,3.458291341648099,0.8443774448827438,136.3632695592766,1.406875171596323,18.21874690927533,0.023055453808744665,0.14010748950401003,5.21306603341959,7.305393994144365,15.419060701177663,0.006634212199518173,0.019380900304755755,24.138281126500587,1.6734219471208718,72.04209131836129,0.029265257923627025,1.8362770401639097,0.44835344421657547,16.575680749360973,2.2401380344740094,46.514702943841016,13.529894242992974,1.2492301706401028,67.84508762790134,6.3818930500466005,0.00402099167562972,0.10889785814771573,0.4586477297351191,1.2763949620606252,30.35914678301443,42.77990403739648,8.393058958026721,0.5531426065810878,0.3268431411369184,7.381452607702737,2.474172364852153,17.646703144896687,1.0238984642706337,4.989892362943926,32.784416057546764,0.7194104640614012,0.5674657862537078,64.26290079612883,243.11410544649044,2.094238602447248,62.26497660213666,1.79111854029078,45.367773879757564,0.12852749962837215,0.42816975256006345,4.174274148016516,2.3639785497861516,0.0,12.787868709137538,113.16231469317013,0.016188070202943862,107.09972993023567,204.47354091396667,251.67319049965954,26.871489434468003,6.582318474653311,9.515209643711515,37.23615869089349,9.435650064245246,6.6571603863496716,7.257323910423294,45.86149027428506,6.371935005446076,0.0,33.347619618036376,3.225207588975711,1.923365479862092,3.686999567140496,4.069159185672708,27.89530920658507,8.54984209002855,1.7699014976865468,0.42782492030792013,14.270025925746681,0.04207980556965961,32.734942223241156,0.42318335209057056,0.003926989026114802,0.9837380917966805,1.3832187719651108,83.55513122794558,0.04608070351162723,0.4712102678840342,0.07927286485492235,0.0,2.028279866866599,2.1599744176915285,347.14117406323857,0.0,43.21057358107455,0.04287970413991814,11.309485224693486,5.740002134896951,25.54595132093302,1.7507585844914417,8.04143041362978,13.24316610929322,25.7994423816161,0.2863793604066396,0.18432952654802792,0.872335353782195,5.0901241841851155,13.966362881432204,3.5173290200129244,6.149230074987304,18.81683086349618,0.0,1.5256711193641959,4.787035503211342,26.974999128266642,154.058680487389,191.00895258303382,211.37757467646708,9.339483800498003,0.5208872610129652,276.2645078412788,1262.4633957902672,1.2078777792988191,0.2183530178643017,1.394982459626401,0.6317296392147266,0.0,0.0742356916019451,0.08064212169409239,0.5553810391821772,0.7559784109979141,61.49095973334057,0.5489713686331366,0.036575150854442906,10.917641521854517,52.33758411007777,14.46080239159448,0.0,3.420076040521337,92.03401554125035,0.20424613730200197,9.351397936078087,34.146010048564754,1.9633330148299983,0.0,4.22031802852665,1.592164054907279,6.675451874875451,7.739853905759172,2.3813887564366185,0.10263179582371455,4.078058644866992,81.22508141373063,0.5491429849623756,0.6637940147094684,0.0,13.760259927068281,18.493517421463068,212.7986144368652,1681.8248410771976,5.914864234614418,633.686441633101,0.040958308077959416,139.32778536000794,4.505664769339869,4.706584466202809,0.002154560348364904,12.45323460672979,211.01448005168814,8.129499715168816,3.4979247332636563,4.548024733533785,1.702698525285801,7502.67893418889,2021-12-16
695,13.25993125618644,5.961411358666348,4.727998604141214,0.031072527576753717,4.511246654817773,0.5788128431468831,99.69570510195328,38.49684165647149,12.684242635112714,42.246349632178195,26.296409394744693,3.6636617002784595,2.360244623774985,41.02553393388938,2.746960090769938,16.871414037276093,6.269636360285233,2.610398342890867,0.4086912436915933,0.015197142050034265,5.1958974705603485,27.858026859748364,2.828274429040094,102.87551540680468,0.8469868342342518,138.79542260126118,1.2618669575910855,19.076511296763,0.014004895824428397,0.308132114711932,5.247155209280352,4.5862005616261525,12.825629762682016,0.06443415852916443,0.0015968738705828267,5.530941362906129,9.440746380705932,70.23068100461528,0.03989847079201101,1.7203863670376285,0.18756635972411206,16.637491061710914,2.393189248717012,46.70275287221388,12.212847833374614,1.3765769189067656,68.88760098301218,6.319980466139597,0.006241203420615946,0.04692648805863459,0.38928732281700285,0.9532522544142352,19.624878274715194,41.952326598549064,8.195178245392281,0.5330311914663619,0.2968655616169493,7.258869391864737,2.0614874071672373,18.29625533644219,1.2272674409942277,4.702183537074552,48.61729716950856,1.1162140909481235,0.48470083111581846,64.66107941305697,211.48208251339025,2.212560085350866,63.09472639991242,1.5620329621938052,45.07369817554927,0.0562780357997318,0.5988883525462635,3.802068745875069,2.085099949037847,0.0,16.558375392464487,113.12829934064126,0.006027086526457254,78.20290828121136,209.66284624547,236.67676884737938,27.71245226379782,7.28534425176028,4.612028904742822,40.25148849638563,9.681537813771735,7.129146777776229,5.375570883508873,37.56138363379212,6.198346755066095,0.0,35.01732003361716,3.378723045679523,1.2539774196575497,2.057626954341721,4.1041265669993,26.927915794589165,8.20075074308053,4.021826690312879,0.504614842487264,14.136500486250222,0.1230326456638721,31.887485155175717,0.17823022120078716,0.003909526891365877,1.143312054517548,0.7063424743835195,82.10125898413449,0.1099291301285382,0.7280050250085601,0.007377428749106463,0.0,2.1086611043666132,2.157569465049375,333.24186807708134,0.0,42.78712470382044,0.007136753082305993,12.034179015242426,6.00533718210402,25.738817353750655,2.030789230448221,8.545828566480948,10.185114888088613,25.02428753828709,0.32814731339581316,0.20482071125544796,0.7639699902374051,4.662454864650299,13.87976876554011,3.330499038710066,10.676817538433944,12.692294388847369,0.0,1.416176248833792,5.177252933465366,26.165171655469738,133.64154890061775,202.7017043749016,190.80025206942136,8.923733271908171,0.44959587076967356,278.8768974672286,1266.6592688953792,1.565007194587672,0.18853032897397448,1.7604882320021091,0.6745220563238199,0.0,0.006423332419099842,0.1309839106600138,1.6365810658736653,0.39137205405538544,62.045543536814264,0.2851594796750618,0.02279826778469271,11.200360029923655,53.73736447873962,15.054232102798276,0.0,2.327449488172069,85.0008126138392,0.04163169373531225,23.175272857999147,35.68209919869991,0.6656406256744793,0.0,3.8803942151802966,1.300306149966893,5.687054349130086,7.541119487080781,2.281264464472565,0.09161316556999376,10.894853740919118,79.66579845189796,0.4068214833575853,0.5830120082959409,0.0,14.094394936880757,13.786768431117354,210.50002541912383,1579.9034073477087,5.740888248623193,628.7882057987814,0.0067682380384701535,145.47910128979385,4.455301822990312,4.579929451135274,0.0021777773165031025,10.891893037712236,205.14623726677377,8.360972025813663,3.5588188812406414,3.6905051362231633,2.0574219899627666,7225.120190776737,2021-12-17
696,15.875246814148566,5.910897955036289,4.138846157008111,0.009637318495294173,4.014980356232351,0.6301753841790262,168.3923396501874,38.882441277216586,12.880501285137026,41.00841551915831,24.681824969330343,2.3986680813325605,2.7384718308029194,41.295247397728,2.597895304814255,16.83950212796856,0.913739099542525,2.0123973986451635,0.1761807275392464,0.0051118286760547535,1.3589865945981376,12.67265996353764,3.2249263457768746,214.28189399617776,0.8394843918881225,112.43125202227677,1.5107917163495266,20.78661300590601,0.015058090902760106,0.13296179362178712,5.078800806366016,2.8171972202655713,5.01060329671021,0.02441356130299114,0.012473499781748554,4.200931824257831,1.314613577216619,73.83655429746183,0.010164715611240202,1.4832285817977884,0.6742979054880782,8.16916420705015,2.5159244520682535,46.96329355268754,12.173800964862359,1.2227071586459293,64.63587308030317,6.419260551602103,0.013786157620510914,0.09620873045971051,0.38050790947858815,1.6704176130360218,18.336125205347184,42.49150242164457,8.492240554972858,0.2705492400107556,0.23673480299184263,7.369279022275695,1.9936513981330353,18.006435941674162,0.39012135866139686,3.392544839527358,79.03573847239383,0.8938190274027343,0.39183451992727325,65.34307400297048,137.49375646651245,2.614207408271444,61.397717689378126,1.4645377946861862,44.02226136379487,0.07643614196123284,0.3583780412712329,4.068191710023969,2.107212761637052,0.0,7.456532602872877,102.50756336245695,0.014256393753715978,45.80022380252839,238.2863912821061,231.63368567120017,24.477746264218283,6.371356202322928,8.072332916210607,60.434899552442545,9.442449819592225,1.1257230305836954,6.120390522405244,35.02162842936265,4.745027177844389,0.0,33.878935512082286,1.9984254467542524,1.5340278308582032,10.347777391382657,4.240576445919208,26.687797249060786,9.981002117652071,1.597589259358974,0.2884687351336477,6.819686574516961,0.08273903388433847,33.03155765020025,0.8541011410920288,0.003892123682211382,0.7477674592570506,0.8778206513291411,83.57087604549936,0.00649788978753401,0.6155454715081657,0.037258629013571715,0.0,1.865258490841208,1.9630199134589497,297.8462379745828,0.0,42.56588164378601,0.04382722746515781,11.95980703634043,5.404735369273021,23.637775268157334,1.4377053380518703,9.738059358662753,15.907238003619824,23.996984013287914,0.22851042715909572,0.20510082255445494,0.7061117621383978,4.841275010534944,13.50022959030989,2.5779822776937285,10.901445820719474,12.034401709588623,0.0,1.154390566772071,4.093312471622322,27.552082186705164,165.09591731510514,203.0718591108682,187.9553504798464,9.210765258164924,0.620516774899866,272.6046778796852,1265.314394522424,1.6801240533243007,0.18897216843894238,1.3488870047836803,0.6766878802706187,0.0,0.02648721872707288,0.10078101366637313,0.5310354261975565,0.7423156491346183,62.27752842247076,0.2535768450703897,0.070564937188815,11.197021854216773,50.445289723837355,15.096462046604538,0.0,2.913197035399396,45.02664055540149,0.00043519686488918685,98.95122106490743,30.945650335247805,1.3880597614012293,0.0,3.853353735773984,27.038689707774342,3.2898994765715,7.312121908140615,2.0966216407616542,0.06076260011684376,4.098803779502451,79.93329707518116,0.4870532842225906,0.57282399491588,0.0,14.276988250761029,12.071240739050296,210.0774340274253,1165.54342855967,7.162668902412473,623.7971895847576,0.10718112477326891,117.50922282842976,5.459623501716536,4.725920334124146,0.002200927382714592,11.68066809303548,201.95934599194928,8.53200889962269,3.0135856828664838,4.844435925555687,4.402997185111574,5876.79723479089,2021-12-18
697,13.593135590181962,5.754993996463041,3.805321765171787,0.030427425841158207,4.116276832566512,0.4840964396658334,197.47047116801332,37.113514234277,13.305655257922668,36.186096753556626,25.062297226853666,2.559486061445625,2.582458543892294,39.29756938947328,2.809802313315074,16.82302001974065,4.519384351812455,2.070854174918953,0.26980232577327184,0.0051600013305979015,9.251350665279968,12.419059185399906,3.296850396830436,660.0093807411363,0.8811722276213548,116.75107850495786,1.277008623322875,21.310114875653127,0.024617480880495368,0.19204021099107557,5.306122720488627,2.4067206522183846,0.34183784020360974,0.06583493048200877,0.0847876374338476,6.684927978673926,3.1731036427989636,82.1589010803265,0.1741615211024399,1.6767843153788962,0.15293891421625203,6.297380037870447,2.5632556321623428,46.829327190047266,12.29019181245969,0.9478746234839989,54.24400205578897,5.329751471790919,0.013757822583713206,0.15735426185765222,0.4161847166995476,0.08571260341536883,7.662668735473286,42.784894956266335,8.725945440031852,0.12035423547799876,0.23923703795939188,6.971317258526315,2.1301778603736947,17.15110483647435,0.3162430500240402,3.5677448578858533,108.79140281760843,0.555581881624126,0.7305429118195681,63.97879276467269,112.03334018111222,2.4333628034479546,60.73389845548123,1.5236360926628811,38.63962903078408,0.09843327059542778,0.34189127280697157,4.040220067475934,1.7755297053676145,0.0,2.9857404164236723,97.96114617190885,0.0469083818133069,27.897018402151247,255.15517822274006,253.64018244091514,25.85472757069635,1.5842014617627806,11.465202700043703,106.49874445107308,9.428253778432286,5.770336021927562,5.168076344077457,120.76970102477719,4.457960165522449,0.0,33.018274989191355,3.1278571733393354,1.6145922572250608,4.671000826074745,4.224803872974759,25.645265761772674,5.795758555675456,1.6542927994863699,0.19593698618859415,18.00150790234149,0.02243183134704599,32.123706109919326,0.8157794817887145,0.003913412657101802,0.5794285713559355,0.3607598638828021,80.14762117901553,0.009320728746616184,0.5575299528055345,0.1741500606686998,0.0,1.7507959686554329,1.9690344256715797,51.910243816765444,0.0,40.912699709109376,0.014112315603308397,12.369037994478013,5.147241527137569,23.367840944351997,2.0265242956036813,10.465513264044723,14.662760082392031,10.26896628135973,0.2627141080332714,0.19807061848894328,0.705614466881241,5.735065563686165,13.051519352265695,2.597531495898328,5.250806146808398,4.237580029383764,0.0,0.19858588742546646,4.364224481234446,27.83525776482651,132.62178788050602,190.16760483984334,89.22131336423033,8.405543182247452,0.5132776032726057,258.63705231844347,1239.1798948128062,1.63497182030408,0.1708928723840584,1.2421541026178184,0.7573345585254805,0.0,0.03456478570454208,0.08147928096874318,0.5300692299632974,0.5155658240292866,63.65707585932959,0.37728390369470366,0.07284860549866964,11.366880242543317,50.46126621323731,14.34825110796129,0.0,3.658353412835,16.4446890489412,0.08200764841379854,103.38171337986373,34.893967204141546,3.631197682387528,0.0,3.783540326598931,28.081821560854898,5.1290688529540835,7.349125580087549,2.5886247275136687,0.0294882357195813,4.167811544276241,76.17192045348631,0.5420241553566963,0.6702274913744923,0.0,13.869528620220946,15.444223587303846,206.876186904626,803.6874116579886,8.087056209097637,576.3341459171968,0.41585363296614986,18.451958482772895,6.471290112492126,4.645661676482684,0.0022464614771706315,10.068555844957935,205.7548976223436,8.117630405295316,3.728628461318055,5.181231720334373,4.566893827041402,4378.8623086661555,2021-12-19
698,14.29048031802101,6.07951025406734,4.438355054624671,0.00012345910260638804,4.27821615946153,0.6483853656186831,91.42543208409784,37.59355234621216,12.996882635693959,36.34171139864626,27.09115200911241,4.149415866101249,2.4645970490555777,40.764313769364996,2.8224519033356295,16.576696123647288,3.8114811608207404,3.0482873657944447,0.42289213630757844,0.005157948954990698,9.266193232902555,47.87067707805308,11.53871821921221,681.7093265795232,1.0471220677103388,172.25475731377554,1.3651710139953996,23.454312783614938,0.27870896359023406,0.16804709668429135,4.626196981039153,3.0602305248618746,13.356556576495024,0.03580615640512514,0.034551290556858516,7.7247630877464655,1.7731437312690375,91.32570476187746,0.03171078358658642,2.4579727801847797,0.06954698817870897,31.465313598722076,2.3708331032386676,47.30482455898132,11.026099575906109,1.0866507440397069,59.65207556450571,5.95200087700275,0.023794117137353007,0.24801093392926493,0.42770972834110044,0.27889175978670716,44.24316044763658,43.64611898471437,8.179487908014377,0.27346875714749663,0.3206916973771279,7.481786140378543,2.379106220819799,17.593114382575166,1.3072548249212415,6.408770967283591,7.277262469141135,1.5398711361351323,0.40196057044935024,64.64625371361225,220.62366742551322,2.5017877618958466,65.25384118161519,1.6399240042869385,33.883574618264106,0.27197451564267217,0.3725225238932462,4.022426163023303,3.4199431141839667,0.0,14.902722936879353,120.02600994972427,0.024700347696190634,31.6468981806251,250.79436639821424,258.9480821198047,27.23843164239257,0.9079511781563587,8.013162946191997,83.25083144036991,8.951973613479925,0.38026943039488903,7.6654705329263,88.70877815638212,4.507257202738193,0.0,34.929370976510775,3.2119285189961384,1.560432482583934,2.6533706183384176,4.198975099785354,24.45406588839354,7.044697627964423,1.7764203817547553,0.21228955907738786,15.141657577502047,0.15526680165691883,31.829253606686798,2.0961630642683122,0.003895755359001652,1.1182267071395546,0.25147466344403213,80.34869415081684,0.014041489408981363,0.736457906574387,0.11718122430758915,0.0,1.79110242446303,2.712329598642841,106.26309481654661,0.0,42.50426933133814,0.04518855219591135,11.211541610370956,6.637493753878395,25.02026633646138,1.7424735581757589,12.166929476377506,13.261586169719827,9.66980531181471,0.24367998446837782,0.21874929713926392,0.8308269741746654,4.476510791596404,14.097579805053146,3.898573079670456,5.597394411097459,17.134410755689192,0.0,0.9513512529014554,5.2682271888674785,27.111439655638566,175.9015563275571,165.62401232603617,58.30235092911104,7.4579325688137885,0.5024292460021744,258.10526884585244,1226.7841620307854,1.6900484346079536,0.2834470390238172,1.529817179829351,0.6672608127339185,0.0,0.02449292237577927,0.14250828899859877,0.1981447704468673,0.34062278184084893,62.479523344527735,0.222989920677264,0.10539389285142647,11.291249081170568,52.11714713326872,14.920909430964196,0.0,3.060299366124865,36.42526553527919,0.029745754148855733,27.973896550402486,33.915598539609704,4.707851277674755,0.0,4.256299622773739,24.50994241853106,6.994263012932244,8.016579435893332,2.823905997817587,0.02244849305445961,4.198528029742606,74.17311373113822,0.4695784611245055,0.7108825017408213,0.0,13.4109344354204,23.963894846544726,212.33474000108484,1091.1217989913416,1.1819934523128577,567.7021559802838,0.4288281379622102,8.315842032308751,5.0396218897187515,4.548753143259134,0.0022699027470313785,11.170933162006355,210.1250235298323,9.963060167598902,3.8308881931822323,5.225653096139391,2.9557472231858206,5263.561462553079,2021-12-20
699,14.936758560927013,6.2924473580640425,4.707950853646469,0.031039815397846005,4.50148380134469,0.5980693376924846,97.77854423983484,40.19543377849629,13.891024900210551,46.919076461872834,25.897368004325152,2.882843062842106,2.654474323822765,41.96860345241983,2.7839224584143176,16.942237580297427,12.581705818919083,2.7399902070734043,0.3207361313857607,0.005155918307809555,1.3285046057508278,33.68214843164889,3.2703453113907437,42.60317919266359,0.825154735788995,144.292729360922,2.1981865902324476,25.214324211844446,0.028530931942621116,0.2460407971896013,4.632603178919681,4.265163540354056,13.943227807639119,0.16805287056486284,0.09732403876659473,44.07803708494749,2.0160698851987817,97.9927093512878,0.029068065206071796,2.208136190414039,0.21815664837556142,19.985772177172095,2.5356453253380686,47.930369696590795,11.433173671508465,1.337017151420181,77.25094452835187,6.175803318859646,0.0069682171289249945,0.28757812265258054,0.4086327836863886,1.7421534796213527,99.90823660903003,42.82847359207143,8.418590101954791,0.42658332822001044,0.32086659075085633,7.592591153244871,2.60759058089819,18.30046904706141,1.0847330420013446,5.343479606592533,80.02993621503467,0.7008424944791221,0.5735575977300519,66.39481881857259,273.2300431772019,2.692848840951515,64.4831869156859,1.7868944314503832,40.86267127004158,0.09743167120155477,0.453856167281092,4.250316968181744,2.357494230502659,0.0,16.377275859480687,114.72626547399514,0.08772813745634242,85.13436462523978,235.39012773719963,256.8881825561053,27.063500074976098,9.004961156287695,8.19384663061962,29.53099370845507,8.802275425537815,8.377283356188645,6.999659834036857,46.302610957382164,5.16822440497447,0.0,34.39946344019477,3.6801225302799523,1.5673698384905064,3.3803703915057843,4.284865017341337,29.077424390451466,9.675050114486643,1.8067231920760938,1.2085126000705553,14.016882887555528,0.09413568455741474,33.308201899456726,0.30385304190079593,0.0038781997257800235,1.3206148694827355,0.07755179840347948,82.7438722334807,0.09000080077481595,0.7640575142012695,0.1418330584334112,0.0,1.8109743037353934,2.617871077683208,427.4534026317028,0.0,44.287236245603445,0.05634250818837511,12.055135548559589,6.345770079589311,26.073030674045487,2.319973842493723,11.388421967193521,13.921889393863369,32.999491364025374,0.27565590108697785,1.7819595592879722,0.9356129886229677,5.0551343277384,13.632658712566453,3.3422890320602248,6.281676387885937,15.774489654907658,0.0,1.2220755817737674,4.897249954342335,28.745139405585036,163.5042555052569,175.73062731052164,168.2630743175532,10.005488865353685,0.644546766971575,304.3463207353254,1278.1274281636668,1.7025587664901867,0.2125476859541827,1.491220892314196,0.648932325132867,0.0,0.014420208680727159,0.21370848926340705,0.1137053893579889,0.7671058685567043,63.935627997314455,0.3747052049463784,0.03520992745592351,11.390263418706583,56.76288546720014,15.746195827233587,0.0,2.482597251439227,106.4896068074586,0.04947411619151429,20.41372911335759,32.059074571929344,3.703365645945735,0.0,4.208644815998792,0.06991001671448416,8.62417622464752,7.591144681279392,2.871917923043784,0.027614178446718287,4.554371782672547,77.51691056101255,0.5713617627253369,0.6088815766882962,0.0,14.105313247443867,19.311886876349533,213.7899326022616,1585.1183485656597,7.954651676675329,649.5732475186821,0.28852446034236057,188.7284230849573,5.146196721332738,4.746946470495546,0.0022933501129908424,10.720364388658053,211.61542864758033,8.614439253224262,3.2800988085420233,5.2073659494048465,3.168128644617479,7609.822841570309,2021-12-21
700,14.901073392277494,6.058678244255317,4.885715927126773,0.009470104332050616,4.826767666294993,0.6192863563112203,103.0936374712332,39.582414367044485,13.531225359696657,43.650592222009955,25.481053937034808,3.303720596745935,2.7806795529977926,44.32981590649364,2.9804786075678806,17.093455503382025,9.030389776201616,2.98271045729378,0.6678136891269819,0.005153890270392791,1.2497335851851439,29.228224296810254,3.547661086781771,43.007211049894096,0.92984687428267,145.46497979412894,1.7659021059884195,25.578237220726404,0.019375325862649895,0.23225167775787384,4.0048833980271485,7.226481602797463,16.30537650664359,0.014647535163268263,0.08710256066027697,39.170097663135856,3.6775815054006458,87.47001624574176,0.0632657197523904,1.8970469725690917,1.78133402931909,16.150172142385824,2.455488573150005,48.055912010046534,11.119606135610349,1.2830862298872432,72.11576079421496,6.123933618114055,0.0071308611112058246,0.22496585756783039,0.42015328551552034,1.4061203638977302,14.45034210381754,43.017721273729045,8.55567126489339,0.29403998130955444,0.28040130960159,7.171114499612155,2.2219191231143585,18.987427387355957,1.158007612206684,5.930429992004754,30.34667114086588,1.2241781373824046,0.7961915804447812,65.91935221489567,265.9910846641748,1.9847871427740376,64.19641687839759,1.3916657668900232,46.545724921471766,0.01565278808267409,0.4844868044279009,4.099432782210588,2.673814639100944,0.0,17.035969420804605,118.1410622010229,0.004328842714190838,31.727987831591776,247.3263253721142,251.94061274120776,26.153939367146346,16.21421241384606,9.558224210793732,46.372344685978675,9.632329760043074,7.2850777081837235,5.436658644279767,48.934296426167286,5.686523435823873,0.0,35.287936470961064,3.2992088030635056,2.217156053506551,3.1380776450958274,4.309641480031792,30.50664763743078,9.530611251181226,2.0104761020484663,0.16343904300817202,13.86170935885056,0.03300457758205752,32.67472009499442,0.1273360713510363,0.0165470687293617,1.135450383486237,0.3819452014873881,83.09657521203776,0.057935918717670315,0.5596192037560014,0.023625271217816157,0.0,2.0760598720588197,2.308860844586073,395.7157045222216,0.0,44.72384657903761,0.005329982814602886,12.326935108040718,6.461414177624844,24.748360243431783,1.95259050808445,8.132577571356224,7.103951079487883,29.51182254399885,0.24641626850456036,0.10697089358142547,0.7546838243825913,4.40892952532545,14.260299511660834,8.91879454496511,6.231317033391024,16.64756625312066,0.0,0.6312653720283845,4.66905454954927,29.695485726339285,159.23939443044588,197.8463149225639,228.44522393371182,9.685337527850562,0.36855762183269103,291.9464875159304,1288.6642247996326,2.0007830900580212,0.2129900699736421,1.8400512339807618,0.6511038121333419,0.0,0.046672696103242706,0.11199671445829915,0.39513928140055565,0.8166763632586301,63.715845082353226,0.31221515775118414,0.0471742061601963,11.48927894617653,57.81703031701955,15.754089358809322,0.0,2.8420234815117733,96.62252296049587,0.03305048070492765,35.84339978845421,33.63895409541483,2.413249503704317,0.0,3.946670861824032,30.033550732600467,7.63555105317152,7.686609990946105,2.701324058042577,0.02671357554574004,4.31070418395038,81.27302614541068,0.49894099006182807,0.6291581865493642,0.0,13.962872228342453,12.171068590653197,214.54059309952288,1799.7490495723125,7.500949607578157,662.7968433593385,0.18896342066265892,191.50479717946868,5.95728382645374,4.843299832681941,0.007869069069934611,11.751824281277942,215.4807434874213,11.347757806557407,3.5966368041118044,5.478574680251622,3.5336224611213973,7678.939036034369,2021-12-22
701,14.399600015633315,6.150936576728693,4.6431125537877405,0.04449072244378999,3.9142378584460618,0.5899119551104823,91.08924299277527,39.79538356418144,14.129078411434682,43.935775690459465,25.767310466128965,3.2761255303313335,2.805825396363196,44.745419208108125,2.809526171548574,17.384512874781063,5.372113757645124,2.8104169756783945,0.25942716129050986,0.02537271863596101,0.6218092853062167,26.363929393396262,5.533358307808694,75.27834181329733,0.8714649520759356,141.45047341761523,1.4647693599891973,26.646179631365197,0.029906455688039096,0.11729959764160225,4.521858412546894,7.342872664403527,14.31874954022403,0.003390665869251394,0.011939304093111114,20.228912247311587,1.6931852900218658,90.51117895816802,0.03303408717680504,1.890328273112899,0.3937402218193579,16.561662200954558,2.272878468986541,48.40144903125873,11.562837317412406,1.2411268745041515,71.08960151321727,6.625777353473339,0.004153898740826181,0.1001040086804098,0.47194177583851105,1.134574057869261,28.81846744980282,43.26608394254375,8.451319572710792,0.5569148367375958,0.33129691489907775,7.659594124745945,2.453799126168233,17.78825477585553,0.8340165009945766,5.136414987394582,39.92524529458838,0.734993593792455,0.5598718081057089,65.88965728618459,252.56574805874033,2.0943081142309503,63.68573347588252,1.8332304799877581,45.71499898516191,0.05357269027889988,0.433249168165358,4.23533236258108,2.3971914550743807,0.0,12.235969006263648,118.68105455806415,0.015379719592206055,70.581431628265,258.7861993165355,251.51221571142594,25.9900462675007,6.751327966418461,9.485126941009026,46.44886146018908,9.561186356605715,4.912647621359405,6.477251671112402,46.49619305044163,6.001713860718192,0.0,34.95790839315805,3.1484531598703023,2.2762427004815224,3.6672209221007033,4.283758839672101,29.1054840435968,8.750771896057868,1.791317393836117,0.40190395647046173,14.343938827613053,0.04435779257953171,34.05896557259037,0.4045163471958108,0.0039521190654533515,1.1187285383468875,1.0491199626955092,78.38237497751084,0.08260035026866736,0.4555230067657361,0.10613229722915468,0.0,2.0400364232568458,2.234842687364524,341.82157344571795,0.0,45.070091207712224,0.04606354289975935,11.544039158693696,5.84078449605281,25.60231849002344,2.274217594849203,9.689993735682933,15.78067325880382,26.286545366157576,0.29728803633787937,0.18605543728321627,0.8970160403053861,5.121184500971199,13.881437096722655,3.649749294887418,7.121601463409322,16.787215359580472,0.0,1.292534462588371,4.952019647063832,31.306085233034086,174.06127636549866,193.7571030570636,215.92202606652228,9.47617360641153,0.5949788571896565,285.3710830550559,1290.5977913291285,1.7360898570396337,0.22357566954659747,1.426249076242149,0.653840785725018,0.0,0.07824853480101432,0.08146010657370112,0.09482382575721093,0.5440460805065381,63.84418531995239,0.5439863584524034,0.04958367169980319,11.434825248704298,55.24430932391957,15.17121887073741,0.0,3.3977428654633095,86.72944717990036,0.19831767555943614,4.880138900764024,31.598896443121703,1.8689394566026047,0.0,4.2135585509360265,2.5175662683096967,6.7672341461835686,7.854565679614711,2.740537367184876,0.09646882336658036,4.201354386814249,79.13751524521342,0.5489364046374086,0.668858857430854,0.0,14.048397718673614,24.124139642651567,214.40513593032554,1702.3957840679657,7.2091362488088295,661.4746874867915,0.20998673799370726,141.12613564725132,5.258160066540495,4.793680176002635,0.002303625148588132,12.315311643402538,215.9703348595387,8.226624009660945,3.469288781280032,5.508868782042254,2.9742607339918847,7359.408027510133,2021-12-23
702,15.56038432132896,6.110390997972741,4.073877341854474,0.02590496997684913,4.4785154917542584,0.5906928446715531,120.95751776790571,39.897942696830846,13.162299465623502,44.34778069147872,26.82338751130932,3.7233992709318273,2.678843873006881,49.86509836322575,2.862527937441134,17.180882565063374,5.436466691993928,2.697260836400795,0.4109693253283794,0.015287405126152766,6.784010773904939,28.106104200184255,3.327949782145647,174.69556587812124,0.8740743414266794,143.88262645951176,1.3197611459842542,27.503944018852078,0.020855897704347315,0.2853242228498185,4.555947588411505,4.623679231875648,11.72531860170167,0.06767770485932059,0.009038470081592448,1.6215724837937966,9.420983037838731,88.6997686444371,0.04366730004512684,1.7744375999859743,0.13295313731986463,16.623472513275676,2.425929683229868,48.589498959631854,10.245790907795827,1.3684736227711505,72.1321148683468,6.563864769566605,0.00610829635546449,0.03813263859093539,0.40258136892034685,0.8114313502235501,18.084198941698038,42.43850650369276,8.253438860076212,0.5368034216238334,0.3013193353791952,7.537010908909013,2.0411141684838774,18.4378069673979,1.0373854777166889,4.848706161517697,41.47646793285085,1.1317972206756597,0.4771068529673362,66.287835903114,220.9337251255099,2.2126295971363135,64.51548327365326,1.6041449018923124,45.42092328095112,0.018676773549844733,0.6039677681518743,3.86312696043962,2.118312854321025,0.0,16.006475689575417,118.64703920550072,0.005218735916161461,41.684609979601674,263.9755046480167,236.51579405912622,26.831009096834244,7.454353743496135,4.581946202031252,49.46419126562856,9.807074106131374,5.384634012785351,4.595498644195901,38.19608640994511,5.828125610339092,0.0,36.627608808736554,3.301968616576299,1.6068546402743507,2.0774055993965383,4.318726220998609,28.13809063159804,8.401680549106203,4.04324258646717,0.4786938786537141,14.210413388127748,0.12531063267383608,33.21150850452852,0.15956321630190576,0.00393465693079742,1.2783025010680746,0.37224366511414464,76.9285027336861,0.07340948337218713,0.7123177638907687,0.01948200362550334,0.0,2.120417660756469,2.2324377347218864,327.92226745965803,0.0,44.64664233045621,0.0039529143227586775,12.268732949243848,6.1061195432567175,25.795184522846405,2.5542482408093434,10.194391888541748,12.7226220376269,25.51139052284583,0.3390559893274413,0.20654662198511062,0.7886506767610841,4.693515181440908,13.794842980826552,3.462919313557899,11.649188926849419,10.662678884899949,0.0,1.1830395920599015,5.342237077318981,30.496257760238272,153.64414477863514,205.44985484893456,195.34470345940093,9.060423077824204,0.5236874669473531,287.9834726810617,1294.7936644342826,2.0932192723276204,0.19375298065602395,1.7917548486166273,0.6966332028343051,0.0,0.0024104892197173433,0.13180189553985328,1.1760238524534952,0.1794397235629307,64.39876912343038,0.2801744694949214,0.009789746939631916,11.717543756773738,56.64408969257907,15.764648581940516,0.0,2.3051163131126553,79.69624425253065,0.03570323199306667,18.704013822505004,33.13498559325556,0.5712470674437217,0.0,3.8736347375895845,2.225708363477384,5.7788366204372545,7.655831260935046,2.64041307522097,0.0854501931132461,11.018149482884102,77.57823228336983,0.40661490303277054,0.5880768510171127,0.0,14.382532728488169,19.417390652326617,212.1065469125714,1600.47435033786,7.035160262836747,656.576451652504,0.16226019187725915,147.2774515770911,5.207797120188778,4.6670251609347115,0.002326842116772535,10.75397007437863,210.1020920746041,8.458096320289009,3.5301829292560467,4.651349184728551,3.3289841986678788,7081.849284098086,2021-12-24
703,18.175699879291813,6.059877594342625,3.4847248947218885,0.014804876095194652,3.982249193168381,0.6420553857039043,189.65415231607386,40.28354231757419,13.358558115647412,43.109846578448526,25.208803085895454,2.4584056519873028,3.0570710800349543,50.134811827062435,2.713463151485485,17.148970655755587,0.08056943124644533,2.0992598921559504,0.17845880917622012,0.005202091752173995,2.9470998979145246,12.920737303998198,3.724601698855369,286.1019444679342,0.8665718990808923,117.51845588057353,1.5686859047421415,29.21404572799576,0.021909092782270836,0.11015390175938501,4.387593185496144,2.8546758905174645,3.9102921357386062,0.027657107633190743,0.01991509599292221,8.110300703335978,1.3343769200969007,92.30564193728085,0.01393354486432001,1.5372798147466407,0.619684683084957,8.155145658635073,2.548664886580761,48.850039640105436,10.206744039283063,1.2146038625100521,67.88038696562353,6.663144855029513,0.013919064685709179,0.08741488099208047,0.39380195558200004,1.528596708844244,16.795445872270246,42.97768232679042,8.550501169656572,0.2743214701680205,0.24118857675410993,7.647420539320143,1.973278159449682,18.147987572629614,0.20023939538423874,3.539067463973268,86.17656770922923,0.9094021571315865,0.3842405417785577,66.96983049302656,146.94539907865394,2.6142769200565,62.81847456312125,1.5066497343845082,44.369486469191685,0.001481332611897826,0.3634574568765856,4.1292499245886365,2.140425666922649,0.0,6.904632899985073,108.02630322733332,0.015064744364212172,9.281925500760337,292.5990496846762,231.47271088295557,23.596303097252953,6.540365694056607,8.04225021350217,69.6476023217231,9.567986111951845,0.6187897344120605,5.340318283095356,35.656331205523344,4.374806033116632,0.0,35.48922428720228,1.9216710176496157,1.8869050514759473,10.32799874633649,4.455176099918494,27.897972086066925,10.181931923678139,1.6190051555106444,0.26254777129856577,6.893599476388587,0.08501702089433368,34.3555809995525,0.8727681459879547,0.003917253721629373,0.8827579058073997,0.5437218420600418,78.39811979505193,0.043017536544196246,0.5998582103901327,0.0641180613881176,0.0,1.8770150472310687,2.037888183131786,292.52663735695535,0.0,44.4253992704221,0.04701106622490152,12.194360970340012,5.505517730426645,23.694142437251443,1.9611643484115637,11.386622680723502,18.444745153157122,24.484086997828065,0.23941910309058254,0.20682673328674606,0.7307924486620176,4.872335327324099,13.415303805597738,2.710402552546339,11.873817209140418,10.004786205656682,0.0,0.9212539099981529,4.258296615475858,31.883168291473687,185.09851319319242,205.82000958488254,192.49980186977984,9.347455064078698,0.6946083710773974,281.7112530934724,1293.4487900612844,2.2083361310642884,0.19419482012114805,1.3801536213982117,0.6987990267810178,0.0,0.022474375527693047,0.10159899854609475,0.07047821277586586,0.5303833186422233,64.63075400908437,0.24859183489013273,0.08357345803404749,11.714205581066569,53.35201493767261,15.80687852574627,0.0,2.890863860341172,39.72207219403666,0.005493264877253948,103.4224801003616,28.398536729801407,1.293666203172344,0.0,3.8465942581837056,27.964091921293573,3.381681747877575,7.4268336819957455,2.455770251510018,0.06692557257374797,4.222099521458795,77.8457309066531,0.48684670389773754,0.5778888376372106,0.0,14.565126042367393,17.70186296026619,211.68395552087782,1186.1143715496858,8.45694091661305,651.5854354384255,0.27620955468911323,119.30757311557949,6.212118798914879,4.8130160439235965,0.002349992182977271,11.542745129705226,206.91520079978596,8.629133194102167,2.984949730882194,5.805279974062428,5.674559393816532,5733.526328110822,2021-12-25
